#Columns,7,,,,,,
#Header_Rows,12,,,,,,
Field_Name,Sample_Name,Material,percent_water_content_per_dry_mass,percent_water_content_per_wet_mass,Organic_Carbon,Total_Nitrogen,Methods_Deviation
Unit,N/A,N/A,percent,percent,milligrams_per_liter,milligrams_per_liter,N/A
Unit_Basis,N/A,N/A,dry_mass,wet_mass,as_Carbon,as_Nitrogen,N/A
MethodID_Analysis,N/A,N/A,MOIS_T_AN_000,MOIS_T_AN_000,NPOC_T_AN_001,TN_T_AN_001,N/A
MethodID_Inspection,N/A,N/A,MOIS_T_IN_000,MOIS_T_IN_000,NPOC_T_IN_001,TN_T_IN_001,N/A
MethodID_Storage,N/A,N/A,MOIS_T_ST_000,MOIS_T_ST_000,NPOC_T_ST_001,TN_T_ST_001,N/A
MethodID_Preservation,N/A,N/A,MOIS_T_PRES_000,MOIS_T_PRES_000,NPOC_T_PRES_001,TN_T_PRES_001,N/A
MethodID_Preparation,N/A,N/A,MOIS_T_PREP_000,MOIS_T_PREP_000,NPOC_T_PREP_001,TN_T_PREP_001,N/A
MethodID_DataProcessing,N/A,N/A,MOIS_T_DP_000,MOIS_T_DP_000,NPOC_T_DP_001,TN_T_DP_001,N/A
Analysis_DetectionLimit,-9999,-9999,-9999,-9999,-9999,-9999,N/A
Analysis_Precision,-9999,-9999,-9999,-9999,-9999,-9999,N/A
Data_Status,N/A,N/A,raw,raw,adjusted for dilutions,adjusted for dilutions,N/A
#Start_Data,ECA2_0001_01,Sediment,27.81,21.76,9.4,0.5,N/A
N/A,ECA2_0001_02,Sediment,30.36,23.29,97.7,9.3,N/A
N/A,ECA2_0001_03,Sediment,28.73,22.32,5.7,Below_Range,N/A
N/A,ECA2_0001_04,Sediment,33.74,25.23,13.5,1,N/A
N/A,ECA2_0001_05,Sediment,28.18,21.99,33.8,9.9,N/A
N/A,ECA2_0001_06,Sediment,20.79,17.21,14.3,1.3,N/A
N/A,ECA2_0001_07,Sediment,34.96,25.91,24.2,2.3,N/A
N/A,ECA2_0001_08,Sediment,28.99,22.47,13.8,1.4,N/A
N/A,ECA2_0001_09,Sediment,27.51,21.58,21.9,2.1,N/A
N/A,ECA2_0001_10,Sediment,45.57,31.3,32.7,4.7,N/A
N/A,ECA2_0002_01,Sediment,26.93,21.22,102.5,426.2,N/A
N/A,ECA2_0002_02,Sediment,33.83,25.28,51,6.8,N/A
N/A,ECA2_0002_03,Sediment,27.45,21.54,78.3,10.9,N/A
N/A,ECA2_0002_04,Sediment,33.22,24.94,112.6,11.5,N/A
N/A,ECA2_0002_05,Sediment,28.25,22.03,96.7,106.4,N/A
N/A,ECA2_0002_06,Sediment,28.69,22.29,102.8,10.1,N/A
N/A,ECA2_0002_07,Sediment,30.01,23.08,116.4,11.5,N/A
N/A,ECA2_0002_08,Sediment,32.16,24.33,58.2,7.7,N/A
N/A,ECA2_0002_09,Sediment,26.8,21.14,55,5.6,N/A
N/A,ECA2_0002_10,Sediment,26.03,20.65,39.1,4.5,N/A
N/A,ECA2_0003_01,Sediment,23.79,19.22,22.6,13.3,N/A
N/A,ECA2_0003_02,Sediment,15.63,13.52,24.5,3.4,NPOCRERUN_001
N/A,ECA2_0003_03,Sediment,13.64,12,22,1.9,N/A
N/A,ECA2_0003_04,Sediment,19.09,16.03,47.7,4.3,N/A
N/A,ECA2_0003_05,Sediment,18.03,15.28,27.4,Above_Range,N/A
N/A,ECA2_0003_06,Sediment,21.94,17.99,29.7,2.2,NPOCRERUN_001
N/A,ECA2_0003_07,Sediment,26.45,20.92,38.5,2.7,N/A
N/A,ECA2_0003_08,Sediment,23.22,18.84,24.4,1.4,N/A
N/A,ECA2_0003_09,Sediment,45.6,31.32,35.7,4,N/A
N/A,ECA2_0003_10,Sediment,30.88,23.6,26.9,Above_Range,N/A
N/A,ECA2_0005_01,Sediment,350.68,77.81,100,Above_Range,N/A
N/A,ECA2_0005_02,Sediment,47.01,31.98,41.2,4.4,N/A
N/A,ECA2_0005_03,Sediment,339.77,77.26,130.5,Above_Range,N/A
N/A,ECA2_0005_05,Sediment,50.72,33.65,33.7,10.4,N/A
N/A,ECA2_0005_06,Sediment,424.56,80.94,208.8,Above_Range,N/A
N/A,ECA2_0005_07,Sediment,479.09,82.73,334.7,Above_Range,N/A
N/A,ECA2_0005_08,Sediment,356.56,78.1,91.2,13.6,N/A
N/A,ECA2_0005_09,Sediment,249.2,71.36,149.2,Above_Range,N/A
N/A,ECA2_0005_10,Sediment,186.39,65.08,77.7,Above_Range,N/A
N/A,ECA2_0006_01,Sediment,77.05,43.52,37.4,51.1,N/A
N/A,ECA2_0006_02,Sediment,110.6,52.52,47.1,3.1,N/A
N/A,ECA2_0006_03,Sediment,96.17,49.02,71.5,4.1,SEDEXT_003
N/A,ECA2_0006_04,Sediment,58.57,36.94,54.3,2.7,SEDEXT_003
N/A,ECA2_0006_05,Sediment,60.39,37.65,40.6,5.2,SEDEXT_003
N/A,ECA2_0006_06,Sediment,71.44,41.67,43,2,N/A
N/A,ECA2_0006_07,Sediment,118.72,54.28,54.3,5.3,SEDEXT_004
N/A,ECA2_0006_09,Sediment,34.99,25.92,24.5,1.3,SEDEXT_004
N/A,ECA2_0006_10,Sediment,44.67,30.87,43.3,13.3,SEDEXT_004
N/A,ECA2_0007_01,Sediment,56.32,36.03,65.7,5.2,SEDEXT_004
N/A,ECA2_0007_02,Sediment,90.08,47.39,73,6.6,SEDEXT_004
N/A,ECA2_0007_03,Sediment,96.38,49.08,64.4,4.5,N/A
N/A,ECA2_0007_04,Sediment,37.49,27.27,34.1,2.2,N/A
N/A,ECA2_0007_05,Sediment,49.52,33.12,105.2,109,N/A
N/A,ECA2_0007_06,Sediment,145.44,59.26,185.7,13.1,N/A
N/A,ECA2_0007_07,Sediment,112.44,52.93,164.3,8.9,N/A
N/A,ECA2_0007_08,Sediment,97.75,49.43,27.4,1.5,N/A
N/A,ECA2_0007_09,Sediment,28.85,22.39,35.6,8.5,N/A
N/A,ECA2_0007_10,Sediment,76.43,43.32,93.1,7.6,N/A
N/A,ECA2_0008_01,Sediment,24.15,19.45,10.4,0.8,N/A
N/A,ECA2_0008_02,Sediment,20.9,17.28,10.6,1,N/A
N/A,ECA2_0008_03,Sediment,17.64,15,18,2.6,N/A
N/A,ECA2_0008_04,Sediment,22.54,18.39,15.4,1.8,N/A
N/A,ECA2_0008_05,Sediment,29.35,22.69,34.7,4.1,N/A
N/A,ECA2_0008_06,Sediment,30.74,23.51,26.2,3.4,N/A
N/A,ECA2_0008_07,Sediment,40.02,28.58,36.9,5.7,N/A
N/A,ECA2_0008_08,Sediment,35.77,26.34,45.5,7.2,N/A
N/A,ECA2_0008_09,Sediment,41.09,29.12,39.8,7.2,N/A
N/A,ECA2_0008_10,Sediment,25.28,20.18,34.1,5.9,N/A
N/A,ECA2_0009_01,Sediment,412.22,80.48,304.5,50.7,N/A
N/A,ECA2_0009_02,Sediment,416.13,80.63,252,40.9,N/A
N/A,ECA2_0009_03,Sediment,407.59,80.3,214.8,33.5,N/A
N/A,ECA2_0009_04,Sediment,356.44,78.09,171.4,28.8,N/A
N/A,ECA2_0009_05,Sediment,390.71,79.62,273.6,56.5,N/A
N/A,ECA2_0009_06,Sediment,413.39,80.52,280.3,46,N/A
N/A,ECA2_0009_07,Sediment,423.66,80.9,288.6,46.1,N/A
N/A,ECA2_0009_08,Sediment,462.63,82.23,299.3,46,N/A
N/A,ECA2_0009_09,Sediment,415.2,80.59,197.7,32.3,N/A
N/A,ECA2_0009_10,Sediment,361.69,78.34,252.1,44,N/A
N/A,ECA2_0010_01,Sediment,20.6,17.08,10,3.1,N/A
N/A,ECA2_0010_02,Sediment,27.92,21.83,8.2,0.6,NPOCRERUN_001
N/A,ECA2_0010_03,Sediment,27.41,21.51,7.7,0.6,NPOCRERUN_001
N/A,ECA2_0010_04,Sediment,33.82,25.27,10.1,0.6,NPOCRERUN_001
N/A,ECA2_0010_05,Sediment,29.37,22.7,9.9,0.9,NPOCRERUN_001
N/A,ECA2_0010_06,Sediment,30.73,23.51,8.3,0.6,NPOCRERUN_001
N/A,ECA2_0010_07,Sediment,25.28,20.18,20.7,2,NPOCRERUN_001
N/A,ECA2_0010_08,Sediment,23.17,18.81,13.6,1.6,NPOCRERUN_001
N/A,ECA2_0010_09,Sediment,18.29,15.46,12.6,13,NPOCRERUN_001
N/A,ECA2_0010_10,Sediment,33.27,24.96,8.8,0.6,NPOCRERUN_001
N/A,ECA2_0011_01,Sediment,34.01,25.38,23.4,8.1,NPOCRERUN_001
N/A,ECA2_0011_02,Sediment,41.2,29.18,20,2.4,N/A
N/A,ECA2_0011_03,Sediment,43.61,30.37,32.9,2.6,N/A
N/A,ECA2_0011_04,Sediment,40.56,28.86,28,3,N/A
N/A,ECA2_0011_05,Sediment,40.41,28.78,17.7,2.2,N/A
N/A,ECA2_0011_06,Sediment,87.19,46.58,46.6,5.3,N/A
N/A,ECA2_0011_07,Sediment,42.14,29.65,20.3,2.2,N/A
N/A,ECA2_0011_08,Sediment,38.35,27.72,15.3,1.4,N/A
N/A,ECA2_0011_09,Sediment,45.56,31.3,18.2,2,N/A
N/A,ECA2_0011_10,Sediment,33.79,25.26,12,1.7,N/A
N/A,ECA2_0013_01,Sediment,27.2,21.38,12,2,N/A
N/A,ECA2_0013_02,Sediment,13.87,12.18,5.9,0.9,N/A
N/A,ECA2_0013_03,Sediment,48.94,32.86,33.1,4.1,N/A
N/A,ECA2_0013_04,Sediment,56.9,36.27,23.3,2.5,N/A
N/A,ECA2_0013_05,Sediment,77.34,43.61,43.3,5.6,N/A
N/A,ECA2_0013_06,Sediment,37.3,27.17,14.3,2.2,N/A
N/A,ECA2_0013_07,Sediment,40.42,28.78,15.5,2.1,N/A
N/A,ECA2_0013_08,Sediment,30.44,23.34,15.7,2.5,N/A
N/A,ECA2_0013_09,Sediment,65.71,39.65,31.9,3.6,N/A
N/A,ECA2_0013_10,Sediment,70.44,41.33,36.9,5.2,N/A
N/A,ECA2_0016_01,Sediment,19.49,16.31,7.4,Below_Range,N/A
N/A,ECA2_0016_02,Sediment,26.39,20.88,9.6,1.1,N/A
N/A,ECA2_0016_03,Sediment,25.7,20.45,5.3,Below_Range,N/A
N/A,ECA2_0016_04,Sediment,19.34,16.21,6.3,Below_Range,N/A
N/A,ECA2_0016_05,Sediment,16.97,14.51,5.2,4.8,N/A
N/A,ECA2_0016_06,Sediment,12.04,10.75,4.3,Below_Range,N/A
N/A,ECA2_0016_07,Sediment,10.3,9.34,4.1,Below_Range,N/A
N/A,ECA2_0016_08,Sediment,13.32,11.75,5.1,Below_Range,N/A
N/A,ECA2_0016_09,Sediment,13.4,11.82,4.6,Below_Range,N/A
N/A,ECA2_0016_10,Sediment,17.5,14.89,6.1,Below_Range,N/A
N/A,ECA2_0017_01,Sediment,401.9,80.08,145.1,Above_Range,N/A
N/A,ECA2_0017_02,Sediment,408.63,80.34,144.9,Above_Range,N/A
N/A,ECA2_0017_03,Sediment,317.97,76.07,105.1,10.7,N/A
N/A,ECA2_0017_04,Sediment,364.46,78.47,121.4,14,N/A
N/A,ECA2_0017_05,Sediment,287.11,74.17,178.7,Above_Range,N/A
N/A,ECA2_0017_06,Sediment,68.85,40.78,36.7,4.6,N/A
N/A,ECA2_0017_07,Sediment,91.41,47.76,49.5,10.5,N/A
N/A,ECA2_0017_08,Sediment,228.45,69.55,86,12.2,N/A
N/A,ECA2_0017_09,Sediment,292.75,74.54,122.3,Above_Range,N/A
N/A,ECA2_0017_10,Sediment,119.38,54.42,33.2,4.8,N/A
N/A,ECA2_0018_01,Sediment,10.02,9.11,14.2,1.4,N/A
N/A,ECA2_0018_02,Sediment,14.36,12.56,14.5,1.2,N/A
N/A,ECA2_0018_03,Sediment,14.25,12.47,14.8,1.7,N/A
N/A,ECA2_0018_04,Sediment,14.04,12.31,12.1,2.1,N/A
N/A,ECA2_0018_05,Sediment,13.9,12.2,11.1,4,N/A
N/A,ECA2_0018_06,Sediment,15.15,13.15,13.6,3.5,N/A
N/A,ECA2_0018_07,Sediment,13.15,11.62,17.3,2.8,N/A
N/A,ECA2_0018_09,Sediment,12.94,11.46,12.2,3.5,N/A
N/A,ECA2_0018_10,Sediment,8.35,7.71,14.5,4.1,N/A
N/A,ECA2_0019_01,Sediment,19.16,16.08,29.1,3.9,N/A
N/A,ECA2_0019_02,Sediment,21.11,17.43,39,3.9,N/A
N/A,ECA2_0019_04,Sediment,10.22,9.27,18.8,2.2,N/A
N/A,ECA2_0019_05,Sediment,9.64,8.79,21.5,3.3,N/A
N/A,ECA2_0019_07,Sediment,12.86,11.39,37.3,3.7,N/A
N/A,ECA2_0019_08,Sediment,12.82,11.36,39.5,3.6,N/A
N/A,ECA2_0019_09,Sediment,8.74,8.04,32.8,3.8,N/A
N/A,ECA2_0019_10,Sediment,16.77,14.36,46.6,5,N/A
N/A,ECA2_0021_01,Sediment,68.5,40.65,52.8,3.2,N/A
N/A,ECA2_0021_02,Sediment,36.55,26.77,29.3,2.2,N/A
N/A,ECA2_0021_03,Sediment,25.67,20.43,34,1.9,N/A
N/A,ECA2_0021_04,Sediment,33.56,25.13,31,1.6,N/A
N/A,ECA2_0021_05,Sediment,79.78,44.38,96,6.6,N/A
N/A,ECA2_0021_06,Sediment,48.3,32.57,41.2,2.5,N/A
N/A,ECA2_0021_07,Sediment,20.09,16.73,82.8,4.4,N/A
N/A,ECA2_0021_08,Sediment,72.51,42.03,71.4,3.7,N/A
N/A,ECA2_0021_09,Sediment,15.65,13.53,11.1,3.6,N/A
N/A,ECA2_0021_10,Sediment,21.76,17.87,66.2,7.1,N/A
N/A,ECA2_0022_01,Sediment,19.64,16.42,16.8,3.7,N/A
N/A,ECA2_0022_02,Sediment,49.12,32.94,43,2.6,N/A
N/A,ECA2_0022_03,Sediment,26.05,20.66,19.7,1.5,N/A
N/A,ECA2_0022_04,Sediment,24.32,19.56,9.1,0.9,N/A
N/A,ECA2_0022_05,Sediment,17.43,14.84,9.4,1.5,N/A
N/A,ECA2_0022_06,Sediment,17.05,14.57,9,0.6,N/A
N/A,ECA2_0022_07,Sediment,24.98,19.99,17.5,1.8,N/A
N/A,ECA2_0022_08,Sediment,17.85,15.14,23.5,1,N/A
N/A,ECA2_0022_09,Sediment,29.36,22.7,13.1,1.1,N/A
N/A,ECA2_0022_10,Sediment,23.3,18.9,26.4,2.1,N/A
N/A,ECA2_0023_01,Sediment,76.14,43.23,76.2,8.9,N/A
N/A,ECA2_0023_02,Sediment,63.81,38.95,27,2.2,N/A
N/A,ECA2_0023_03,Sediment,30.96,23.64,65.6,7.7,N/A
N/A,ECA2_0023_05,Sediment,55.21,35.57,145.8,Above_Range,N/A
N/A,ECA2_0023_08,Sediment,33.13,24.89,28.3,2.7,N/A
N/A,ECA2_0023_09,Sediment,46.13,31.57,21,1.9,N/A
N/A,ECA2_0023_10,Sediment,51.6,34.04,114.5,6.3,N/A
N/A,ECA2_0024_05,Sediment,40.83,28.99,32.9,2.2,N/A
N/A,ECA2_0024_06,Sediment,71.7,41.76,25.3,1.7,N/A
N/A,ECA2_0024_07,Sediment,58.36,36.85,34.6,2.9,N/A
N/A,ECA2_0024_08,Sediment,46.78,31.87,21.3,1.1,N/A
N/A,ECA2_0024_09,Sediment,42.56,29.85,30.5,9.4,N/A
N/A,ECA2_0024_10,Sediment,118.83,54.3,31.1,3.5,N/A
N/A,ECA2_0026_01,Sediment,65.16,39.45,24.1,2.6,N/A
N/A,ECA2_0026_02,Sediment,72.76,42.12,37.7,4.4,N/A
N/A,ECA2_0026_03,Sediment,44.25,30.68,51.4,7.2,N/A
N/A,ECA2_0026_04,Sediment,29.31,22.67,47.1,6.9,N/A
N/A,ECA2_0026_05,Sediment,39.67,28.4,48.4,7,N/A
N/A,ECA2_0026_06,Sediment,34.12,25.44,49.3,7.9,N/A
N/A,ECA2_0026_07,Sediment,38.03,27.55,50.4,7.9,N/A
N/A,ECA2_0026_08,Sediment,34.36,25.57,50.3,8.1,N/A
N/A,ECA2_0026_09,Sediment,23.77,19.21,56.6,9.3,N/A
N/A,ECA2_0026_10,Sediment,23.76,19.2,63.5,11.1,N/A
N/A,ECA2_0027_01,Sediment,63.83,38.96,36.2,3,N/A
N/A,ECA2_0027_02,Sediment,42.74,29.94,35,4,N/A
N/A,ECA2_0027_03,Sediment,188.86,65.38,92.6,7.1,N/A
N/A,ECA2_0027_04,Sediment,51.23,33.88,38.9,3.1,N/A
N/A,ECA2_0027_05,Sediment,41.48,29.32,22.7,5.8,N/A
N/A,ECA2_0027_06,Sediment,110.39,52.47,70.3,8.7,N/A
N/A,ECA2_0027_07,Sediment,58.54,36.92,38.6,5.2,N/A
N/A,ECA2_0027_08,Sediment,92.51,48.06,57.6,7.6,N/A
N/A,ECA2_0027_09,Sediment,127.39,56.02,30.1,3.2,N/A
N/A,ECA2_0027_10,Sediment,87.7,46.72,75.4,5,N/A
N/A,ECA2_0028_01,Sediment,39.09,28.1,8.9,1.5,N/A
N/A,ECA2_0028_02,Sediment,37.8,27.43,10.4,0.7,N/A
N/A,ECA2_0028_03,Sediment,40.83,28.99,21.9,2.1,N/A
N/A,ECA2_0028_04,Sediment,30.63,23.45,11.5,0.7,N/A
N/A,ECA2_0028_05,Sediment,29.01,22.49,16.8,1.3,N/A
N/A,ECA2_0028_06,Sediment,26.78,21.12,23.5,1.5,N/A
N/A,ECA2_0028_07,Sediment,32.38,24.46,9.4,Below_Range,N/A
N/A,ECA2_0028_08,Sediment,31.08,23.71,10.5,Below_Range,N/A
N/A,ECA2_0028_09,Sediment,30.01,23.08,18.3,1.1,N/A
N/A,ECA2_0028_10,Sediment,33.31,24.99,12.2,0.8,N/A
N/A,ECA2_0029_01,Sediment,129.13,56.36,84.6,6.5,N/A
N/A,ECA2_0029_02,Sediment,188.62,65.35,94.6,7.4,N/A
N/A,ECA2_0029_03,Sediment,63.88,38.98,54.3,4.4,N/A
N/A,ECA2_0029_04,Sediment,62.31,38.39,45.4,3.8,N/A
N/A,ECA2_0029_05,Sediment,67.35,40.25,46.8,Above_Range,N/A
N/A,ECA2_0029_06,Sediment,74.61,42.73,43.3,4.1,N/A
N/A,ECA2_0029_07,Sediment,218.12,68.57,131.8,8.2,N/A
N/A,ECA2_0029_08,Sediment,162.51,61.91,62.5,5.6,N/A
N/A,ECA2_0029_09,Sediment,84.9,45.92,76.8,5.3,N/A
N/A,ECA2_0029_10,Sediment,65.86,39.71,48.4,Above_Range,N/A
N/A,ECA2_0033_01,Sediment,29.77,22.94,17.4,Above_Range,N/A
N/A,ECA2_0033_02,Sediment,27.02,21.27,25.3,2.2,N/A
N/A,ECA2_0033_03,Sediment,30.15,23.16,24.4,2.3,N/A
N/A,ECA2_0033_04,Sediment,63.52,38.84,27.1,2,N/A
N/A,ECA2_0033_05,Sediment,26.58,21,24.3,109.3,N/A
N/A,ECA2_0033_06,Sediment,23.55,19.06,13,1.9,N/A
N/A,ECA2_0033_08,Sediment,22.06,18.07,10.9,1,N/A
N/A,ECA2_0033_09,Sediment,24.87,19.91,17.8,2.7,N/A
N/A,ECA2_0033_10,Sediment,18.81,15.84,13.2,9.7,N/A
N/A,ECA2_0034_01,Sediment,212.8,68.03,126.4,Above_Range,N/A
N/A,ECA2_0034_02,Sediment,72.29,41.96,93,7.6,N/A
N/A,ECA2_0034_03,Sediment,75.36,42.98,121.6,10.7,N/A
N/A,ECA2_0034_04,Sediment,49.44,33.08,77.3,7.5,N/A
N/A,ECA2_0034_05,Sediment,27.27,21.42,6.4,0.7,N/A
N/A,ECA2_0034_06,Sediment,86.1,46.26,6.7,0.7,N/A
N/A,ECA2_0034_07,Sediment,138.9,58.14,107.6,10.4,N/A
N/A,ECA2_0034_08,Sediment,119.15,54.37,105.3,9,N/A
N/A,ECA2_0034_09,Sediment,185.41,64.96,119.8,10.2,N/A
N/A,ECA2_0034_10,Sediment,179.27,64.19,131,10.9,N/A
N/A,ECA2_0035_01,Sediment,69.38,40.96,37.3,3.7,N/A
N/A,ECA2_0035_02,Sediment,64.69,39.28,77,11.6,N/A
N/A,ECA2_0035_03,Sediment,73.1,42.23,61.4,5.3,N/A
N/A,ECA2_0035_04,Sediment,59.07,37.13,56.1,6.8,N/A
N/A,ECA2_0035_05,Sediment,48.22,32.53,60.4,Above_Range,N/A
N/A,ECA2_0035_07,Sediment,28.74,22.32,30,3.4,N/A
N/A,ECA2_0035_08,Sediment,53.33,34.78,24,1.8,N/A
N/A,ECA2_0035_10,Sediment,106.76,51.64,190.3,Above_Range,N/A
N/A,ECA2_0036_01,Sediment,89.64,47.27,216.2,20,N/A
N/A,ECA2_0036_02,Sediment,70.14,41.23,170.5,14.8,N/A
N/A,ECA2_0036_03,Sediment,88.45,46.94,121.5,10.5,N/A
N/A,ECA2_0036_04,Sediment,61.74,38.17,71.3,5.1,N/A
N/A,ECA2_0036_05,Sediment,22.94,18.66,41.9,5.8,N/A
N/A,ECA2_0036_06,Sediment,28.44,22.14,16.3,1.5,N/A
N/A,ECA2_0036_07,Sediment,87.53,46.67,66.5,5.2,N/A
N/A,ECA2_0036_08,Sediment,84.04,45.66,68,6.1,N/A
N/A,ECA2_0036_09,Sediment,34.74,25.78,110.1,17.6,N/A
N/A,ECA2_0036_10,Sediment,70.95,41.5,46.2,5.4,N/A
N/A,ECA2_0037_01,Sediment,12.9,11.42,15,2.4,N/A
N/A,ECA2_0037_02,Sediment,42.4,29.78,12.5,1.4,NPOCRERUN_001
N/A,ECA2_0037_03,Sediment,47.05,32,74.8,4.8,NPOCRERUN_001
N/A,ECA2_0037_04,Sediment,39.88,28.51,31.3,3.3,N/A
N/A,ECA2_0037_05,Sediment,67.89,40.44,80.2,5.5,N/A
N/A,ECA2_0037_06,Sediment,50.18,33.41,55.1,3.7,N/A
N/A,ECA2_0037_07,Sediment,47.37,32.14,70.3,7.2,N/A
N/A,ECA2_0037_08,Sediment,107.48,51.8,100.9,8.6,N/A
N/A,ECA2_0037_09,Sediment,97.97,49.49,140.6,11.8,N/A
N/A,ECA2_0037_10,Sediment,85.1,45.97,110,1168.3,NPOCRERUN_001
N/A,ECA2_0038_01,Sediment,46.69,31.83,34.4,1.5,N/A
N/A,ECA2_0038_02,Sediment,57.56,36.53,34.6,1.3,N/A
N/A,ECA2_0038_03,Sediment,37.04,27.03,29.9,1.3,N/A
N/A,ECA2_0038_04,Sediment,44.28,30.69,39.4,1.6,N/A
N/A,ECA2_0038_05,Sediment,42.58,29.86,20.8,0.8,N/A
N/A,ECA2_0038_06,Sediment,41.21,29.19,31.1,1.3,N/A
N/A,ECA2_0038_07,Sediment,20.3,16.87,36.7,1.7,N/A
N/A,ECA2_0038_08,Sediment,29.65,22.87,36.7,1.7,N/A
N/A,ECA2_0038_09,Sediment,41.72,29.44,60.5,3.1,N/A
N/A,ECA2_0038_10,Sediment,22.85,18.6,59.4,3.5,N/A
N/A,ECA2_0039_01,Sediment,15.36,13.32,3,Below_Range,N/A
N/A,ECA2_0039_02,Sediment,15.04,13.07,3.3,0.5,N/A
N/A,ECA2_0039_03,Sediment,18.67,15.73,2.7,Below_Range,N/A
N/A,ECA2_0039_04,Sediment,17.28,14.73,2.7,Below_Range,N/A
N/A,ECA2_0039_05,Sediment,13.08,11.57,2.8,Below_Range,N/A
N/A,ECA2_0039_06,Sediment,14.91,12.98,3,Below_Range,N/A
N/A,ECA2_0039_07,Sediment,11.87,10.61,3.4,Below_Range,N/A
N/A,ECA2_0039_08,Sediment,14.48,12.65,2.8,Below_Range,N/A
N/A,ECA2_0039_09,Sediment,12.13,10.82,2.8,Below_Range,N/A
N/A,ECA2_0039_10,Sediment,18.66,15.73,2.8,Below_Range,N/A
N/A,ECA2_0040_01,Sediment,235.96,70.23,128.3,7.8,N/A
N/A,ECA2_0040_02,Sediment,105.8,51.41,73,4.5,N/A
N/A,ECA2_0040_03,Sediment,193.53,65.93,104.4,6.5,N/A
N/A,ECA2_0040_04,Sediment,181.22,64.44,85,5.4,N/A
N/A,ECA2_0040_05,Sediment,37.92,27.49,29.3,1.6,N/A
N/A,ECA2_0040_06,Sediment,44.1,30.6,30.1,1.9,N/A
N/A,ECA2_0040_07,Sediment,65.13,39.44,72.4,3.5,N/A
N/A,ECA2_0040_08,Sediment,125.44,55.64,122.4,8.6,N/A
N/A,ECA2_0040_09,Sediment,64.16,39.09,78.6,3.7,N/A
N/A,ECA2_0040_10,Sediment,63.86,38.97,46.3,6.9,N/A
N/A,ECA2_0041_01,Sediment,217.65,68.52,1556.4,76.7,N/A
N/A,ECA2_0041_02,Sediment,172.75,63.34,2175.2,109.5,N/A
N/A,ECA2_0041_03,Sediment,303.2,75.2,5992.6,304.8,N/A
N/A,ECA2_0041_04,Sediment,254.5,71.79,413.7,21.8,N/A
N/A,ECA2_0041_05,Sediment,198.92,66.55,4318.1,227.3,N/A
N/A,ECA2_0041_06,Sediment,164.68,62.22,2611.8,107.4,N/A
N/A,ECA2_0041_07,Sediment,156.94,61.08,1603.5,66,N/A
N/A,ECA2_0041_08,Sediment,64.75,39.3,115.4,5.5,N/A
N/A,ECA2_0041_09,Sediment,68.98,40.82,92.8,6.9,N/A
N/A,ECA2_0041_10,Sediment,33.48,25.08,34.1,Above_Range,N/A
N/A,ECA2_0042_01,Sediment,27.62,21.64,15.4,3.7,N/A
N/A,ECA2_0042_02,Sediment,46,31.51,38.7,2.9,NPOCRERUN_001
N/A,ECA2_0042_03,Sediment,40.28,28.71,34.1,2.2,NPOCRERUN_001
N/A,ECA2_0042_04,Sediment,29.15,22.57,29.7,1.8,NPOCRERUN_001
N/A,ECA2_0042_05,Sediment,73.23,42.27,89.6,Above_Range,NPOCRERUN_001
N/A,ECA2_0042_06,Sediment,76.15,43.23,71.3,4.8,NPOCRERUN_001
N/A,ECA2_0042_07,Sediment,35.03,25.94,21.4,1.6,NPOCRERUN_001
N/A,ECA2_0042_08,Sediment,27.46,21.54,20.8,1.8,NPOCRERUN_001
N/A,ECA2_0042_09,Sediment,51.01,33.78,31.4,3.1,N/A
N/A,ECA2_0042_10,Sediment,46.27,31.63,23.4,3.6,N/A
N/A,ECA2_0043_01,Sediment,1.2,1.19,37.8,76.4,N/A
N/A,ECA2_0043_02,Sediment,1.03,1.02,15.7,1.3,N/A
N/A,ECA2_0043_03,Sediment,1.9,1.86,17.6,1.3,N/A
N/A,ECA2_0043_04,Sediment,1.14,1.12,16.4,1.3,N/A
N/A,ECA2_0043_05,Sediment,0.76,0.76,15.6,7.3,N/A
N/A,ECA2_0043_06,Sediment,0.57,0.57,13.7,1.1,N/A
N/A,ECA2_0043_07,Sediment,0.56,0.55,14.1,1.1,N/A
N/A,ECA2_0043_08,Sediment,0.49,0.49,13.9,1.1,N/A
N/A,ECA2_0043_09,Sediment,0.48,0.48,15.8,1.4,N/A
N/A,ECA2_0043_10,Sediment,0.45,0.45,14.2,1.3,N/A
N/A,ECA2_0044_01,Sediment,45.03,31.05,51.6,66.2,N/A
N/A,ECA2_0044_02,Sediment,76.07,43.2,141.4,Above_Range,N/A
N/A,ECA2_0044_03,Sediment,65.13,39.44,38.9,2.6,N/A
N/A,ECA2_0044_04,Sediment,46.4,31.69,24.8,1.3,N/A
N/A,ECA2_0044_05,Sediment,39.79,28.46,15,1.2,N/A
N/A,ECA2_0044_06,Sediment,29.6,22.84,13.7,1.3,N/A
N/A,ECA2_0044_07,Sediment,80.61,44.63,49.2,3.1,N/A
N/A,ECA2_0044_08,Sediment,90.65,47.55,108.5,9.1,N/A
N/A,ECA2_0044_09,Sediment,60.2,37.58,71.7,6.4,N/A
N/A,ECA2_0044_10,Sediment,153.69,60.58,188.9,Above_Range,N/A
N/A,ECA2_0045_01,Sediment,15.58,13.48,5.4,1.3,N/A
N/A,ECA2_0045_02,Sediment,14.53,12.68,4.5,0.8,N/A
N/A,ECA2_0045_03,Sediment,17.27,14.73,6.6,1,N/A
N/A,ECA2_0045_04,Sediment,19.29,16.17,6.1,0.6,N/A
N/A,ECA2_0045_05,Sediment,22.84,18.59,5.7,0.8,N/A
N/A,ECA2_0045_06,Sediment,19.88,16.58,5.1,0.8,N/A
N/A,ECA2_0045_07,Sediment,21.25,17.52,5.9,0.5,N/A
N/A,ECA2_0045_08,Sediment,20.03,16.69,6.1,0.6,N/A
N/A,ECA2_0045_09,Sediment,16.84,14.41,6.3,0.6,N/A
N/A,ECA2_0045_10,Sediment,16.03,13.82,5,0.7,N/A
N/A,ECA2_0047_01,Sediment,25.08,20.05,66.6,1303.1,N/A
N/A,ECA2_0047_02,Sediment,27.33,21.46,13.5,5,N/A
N/A,ECA2_0047_03,Sediment,21.48,17.68,13.4,2.6,N/A
N/A,ECA2_0047_04,Sediment,31.66,24.04,15.1,1.5,N/A
N/A,ECA2_0047_05,Sediment,25.91,20.58,16.9,2.6,N/A
N/A,ECA2_0047_06,Sediment,19.09,16.03,11.3,1.6,N/A
N/A,ECA2_0047_07,Sediment,25.58,20.37,11,1.3,N/A
N/A,ECA2_0047_08,Sediment,19.05,16,10.2,1.3,N/A
N/A,ECA2_0047_09,Sediment,43.79,30.46,21.2,1.4,N/A
N/A,ECA2_0047_10,Sediment,32.35,24.44,12.3,1,N/A
N/A,ECA2_0048_01,Sediment,145.79,59.31,63.6,6.2,N/A
N/A,ECA2_0048_02,Sediment,117.04,53.93,90.3,8.4,N/A
N/A,ECA2_0048_03,Sediment,164.11,62.14,127.1,12.6,N/A
N/A,ECA2_0048_04,Sediment,75.86,43.14,81.1,6.9,N/A
N/A,ECA2_0048_05,Sediment,258.47,72.1,164.1,Above_Range,N/A
N/A,ECA2_0048_06,Sediment,180.39,64.34,146.1,11.9,N/A
N/A,ECA2_0048_07,Sediment,59.66,37.37,58.8,4.5,N/A
N/A,ECA2_0048_08,Sediment,85.33,46.04,65.8,6.7,N/A
N/A,ECA2_0048_09,Sediment,288.62,74.27,305.7,Above_Range,N/A
N/A,ECA2_0048_10,Sediment,168.16,62.71,115.2,Above_Range,N/A
N/A,ECA2_0049_01,Sediment,106.53,51.58,60,8.6,N/A
N/A,ECA2_0049_02,Sediment,77.49,43.66,74.4,10.1,N/A
N/A,ECA2_0049_03,Sediment,61.59,38.11,39,4.3,N/A
N/A,ECA2_0049_04,Sediment,78.48,43.97,75.1,10.6,N/A
N/A,ECA2_0049_05,Sediment,119.19,54.38,87.7,13.7,N/A
N/A,ECA2_0049_06,Sediment,132.61,57.01,80.9,10.4,N/A
N/A,ECA2_0049_07,Sediment,114.48,53.38,92.7,11.3,N/A
N/A,ECA2_0049_08,Sediment,111.35,52.69,142.9,Above_Range,N/A
N/A,ECA2_0049_09,Sediment,141.92,58.66,138.8,Above_Range,N/A
N/A,ECA2_0049_10,Sediment,192.22,65.78,176.6,Above_Range,N/A
N/A,ECA2_0050_01,Sediment,95.72,48.91,69.9,5.8,N/A
N/A,ECA2_0050_02,Sediment,40.52,28.84,61.1,5.9,N/A
N/A,ECA2_0050_03,Sediment,79.75,44.37,49.5,3.9,N/A
N/A,ECA2_0050_04,Sediment,45.11,31.09,133.6,11.1,N/A
N/A,ECA2_0050_05,Sediment,58.49,36.9,39.5,3.6,N/A
N/A,ECA2_0050_06,Sediment,56.6,36.14,222.9,11.4,N/A
N/A,ECA2_0050_07,Sediment,29.42,22.73,39.4,4.2,N/A
N/A,ECA2_0050_08,Sediment,92.96,48.18,83.2,6.9,N/A
N/A,ECA2_0050_09,Sediment,41.3,29.23,92,7.5,N/A
N/A,ECA2_0050_10,Sediment,30.93,23.62,15.1,8.6,N/A
N/A,ECA2_0051_01,Sediment,45.46,31.25,89,11.1,N/A
N/A,ECA2_0051_02,Sediment,39.69,28.41,77.5,9.7,N/A
N/A,ECA2_0051_03,Sediment,35.32,26.1,52.1,7,N/A
N/A,ECA2_0051_04,Sediment,40.16,28.65,46.2,5,N/A
N/A,ECA2_0051_05,Sediment,35.13,26,37.8,6.2,N/A
N/A,ECA2_0051_06,Sediment,34.16,25.46,30.4,3.2,N/A
N/A,ECA2_0051_07,Sediment,36.6,26.8,32.6,2.9,N/A
N/A,ECA2_0051_08,Sediment,35.79,26.36,23.4,2.1,N/A
N/A,ECA2_0051_09,Sediment,32.86,24.73,34.2,3.6,N/A
N/A,ECA2_0051_10,Sediment,37.04,27.03,28.7,2.3,N/A
N/A,ECA2_0052_01,Sediment,26.45,20.92,17.6,5.3,N/A
N/A,ECA2_0052_05,Sediment,23.35,18.93,12.9,2.1,N/A
N/A,ECA2_0052_10,Sediment,28.72,22.31,16.6,2.3,N/A
N/A,ECA2_0053_01,Sediment,43.48,30.31,25.5,2.9,N/A
N/A,ECA2_0053_02,Sediment,25.67,20.43,24.7,2.8,N/A
N/A,ECA2_0053_03,Sediment,30.04,23.1,19.6,1.8,N/A
N/A,ECA2_0053_04,Sediment,20.52,17.03,27.1,2.7,N/A
N/A,ECA2_0053_05,Sediment,16.67,14.28,35.8,5.6,N/A
N/A,ECA2_0053_06,Sediment,33.21,24.93,33.4,2.2,N/A
N/A,ECA2_0053_07,Sediment,14.13,12.38,18.4,2.4,N/A
N/A,ECA2_0053_08,Sediment,16.85,14.42,17.6,1.9,N/A
N/A,ECA2_0053_09,Sediment,20.29,16.87,17.2,1.9,N/A
N/A,ECA2_0053_10,Sediment,13.95,12.24,20.6,2.9,N/A
N/A,ECA2_0054_04,Sediment,62.7,38.54,28.8,4.1,N/A
N/A,ECA2_0054_05,Sediment,31.44,23.92,12,2.5,N/A
N/A,ECA2_0054_06,Sediment,42.96,30.05,16.7,2.8,N/A
N/A,ECA2_0054_09,Sediment,32.62,24.6,24.3,4,N/A
N/A,ECA2_0054_10,Sediment,26.31,20.83,30.5,87,N/A
N/A,ECA2_0055_01,Sediment,35.26,26.07,238.2,19.2,N/A
N/A,ECA2_0055_02,Sediment,36.53,26.76,11.6,1.5,N/A
N/A,ECA2_0055_03,Sediment,32.73,24.66,38.2,5.5,N/A
N/A,ECA2_0055_04,Sediment,23.2,18.83,15.9,2.6,N/A
N/A,ECA2_0055_05,Sediment,26.58,21,13.1,2.4,N/A
N/A,ECA2_0055_06,Sediment,25.85,20.54,46.5,6.3,N/A
N/A,ECA2_0055_07,Sediment,39.41,28.27,57.1,8.9,N/A
N/A,ECA2_0055_08,Sediment,30.19,23.19,63,9.4,N/A
N/A,ECA2_0055_09,Sediment,50.83,33.7,43.4,5.2,N/A
N/A,ECA2_0055_10,Sediment,20.57,17.06,18,3.3,N/A
N/A,ECA2_0056_01,Sediment,86.2,46.29,118.6,21.6,NPOCRERUN_001
N/A,ECA2_0056_02,Sediment,52.98,34.63,52.3,4.4,NPOCRERUN_001
N/A,ECA2_0056_03,Sediment,53.55,34.87,159.5,13.5,N/A
N/A,ECA2_0056_04,Sediment,79.65,44.34,290.4,24.9,N/A
N/A,ECA2_0056_05,Sediment,85.23,46.01,138,10.5,N/A
N/A,ECA2_0056_06,Sediment,23.24,18.86,26.3,2.5,N/A
N/A,ECA2_0056_07,Sediment,129.6,56.45,232.2,12.5,N/A
N/A,ECA2_0056_08,Sediment,76.16,43.23,149.4,9.1,N/A
N/A,ECA2_0056_09,Sediment,31.28,23.83,33.1,3.3,N/A
N/A,ECA2_0056_10,Sediment,43.49,30.31,55.9,7.4,N/A
N/A,ECA2_0058_03,Sediment,8.5,7.84,24.9,6.6,N/A
N/A,ECA2_0058_04,Sediment,20.02,16.68,79.5,12.7,NPOCRERUN_001
N/A,ECA2_0058_05,Sediment,18.51,15.62,153.4,Above_Range,N/A
N/A,ECA2_0058_06,Sediment,22.34,18.26,66.5,9.5,NPOCRERUN_001
N/A,ECA2_0058_07,Sediment,13.88,12.19,35.6,7.7,NPOCRERUN_001
N/A,ECA2_0058_08,Sediment,20.96,17.33,75.1,13.5,N/A
N/A,ECA2_0058_09,Sediment,25.02,20.01,90.7,Above_Range,N/A
N/A,ECA2_0061_01,Sediment,4.26,4.09,204,Above_Range,NPOCRERUN_001
N/A,ECA2_0061_02,Sediment,4.94,4.71,108.9,6.7,N/A
N/A,ECA2_0061_03,Sediment,4.14,3.97,107.9,13,N/A
N/A,ECA2_0061_04,Sediment,3.69,3.56,99.9,12.2,N/A
N/A,ECA2_0061_05,Sediment,4.37,4.18,92.7,9.5,N/A
N/A,ECA2_0061_06,Sediment,5.16,4.9,115.9,12.5,N/A
N/A,ECA2_0061_07,Sediment,3.56,3.44,92,8.6,N/A
N/A,ECA2_0061_08,Sediment,5.27,5.01,65.1,7.6,N/A
N/A,ECA2_0061_09,Sediment,2.6,2.53,109.6,10.4,N/A
N/A,ECA2_0061_10,Sediment,2.14,2.09,190.7,Above_Range,N/A
N/A,ECA2_DI_Day3-1,Sediment,-9999,-9999,2,Below_Range,N/A
N/A,ECA2_DI_Day3-2,Sediment,-9999,-9999,1.9,Below_Range,N/A
N/A,ECA2_DI_Day4-1,Sediment,-9999,-9999,0.3,Below_Range,N/A
N/A,ECA2_DI_Day4-2,Sediment,-9999,-9999,Below_Range,Below_Range,N/A
N/A,ECA2_DI_Day5-1,Sediment,-9999,-9999,Below_Range,Below_Range,N/A
N/A,ECA2_DI_Day5-2,Sediment,-9999,-9999,0.4,Below_Range,N/A
N/A,ECA2_DI_Day6-1,Sediment,-9999,-9999,0.5,Below_Range,N/A
N/A,ECA2_DI_Day6-2,Sediment,-9999,-9999,0.3,Below_Range,N/A
N/A,ECA2_DI_Day7-1,Sediment,-9999,-9999,1.1,Below_Range,N/A
N/A,ECA2_DI_Day1-1,Sediment,-9999,-9999,0.3,Below_Range,N/A
N/A,ECA2_DI_Day1-2,Sediment,-9999,-9999,0.5,Below_Range,N/A
N/A,ECA2_0024_01,Sediment,-9999,-9999,97.3,8,NPOC_BLANK_000; TN_BLANK_000
N/A,ECA2_DI_Day2-2,Sediment,-9999,-9999,0.9,Below_Range,NPOC_BLANK_000; TN_BLANK_000
N/A,ECA2_0058_10,Sediment,-9999,-9999,20.9,5.4,NPOC_BLANK_000; TN_BLANK_000
N/A,ECA2_DI_Day7-2,Sediment,-9999,-9999,1.2,Below_Range,NPOC_BLANK_000; TN_BLANK_000
N/A,ECA2_DI_Day2-1,Sediment,-9999,-9999,0.8,Below_Range,NPOC_BLANK_000; TN_BLANK_000
N/A,ECA2_0005_04,Sediment,533.19,84.21,-9999,-9999,NPOC_BLANK_000; TN_BLANK_000
N/A,ECA2_0019_03,Sediment,13.47,11.87,-9999,-9999,NPOC_BLANK_000; TN_BLANK_000
N/A,ECA2_0006_08,Sediment,144.33,59.07,-9999,-9999,NPOC_BLANK_000; TN_BLANK_000
N/A,ECA2_0024_03,Sediment,44.47,30.78,-9999,-9999,NPOC_BLANK_000; TN_BLANK_000
N/A,ECA2_0018_08,Sediment,11.92,10.65,-9999,-9999,NPOC_BLANK_000; TN_BLANK_000
N/A,ECA2_0033_07,Sediment,26,20.63,-9999,-9999,NPOC_BLANK_000; TN_BLANK_000
N/A,ECA2_0019_06,Sediment,14.05,12.32,-9999,-9999,N/A
#End_Data,,,,,,,
